﻿pos_x,pos_y,rotation,side,designator,mpn,pack,footprint,value,mount_type
38.0,-25.75,180.0,top,F1,,,Fuse_0805_2012Metric_Pad1.15x1.40mm_HandSolder,Fuse,smt
28.75,-28.75,-90.0,top,J1,,,CONN_S05B-PASK-2_JST,CN105,tht
26.75,-47.75,-90.0,top,J2,,,JST_PH_S4B-PH-K_1x04_P2.00mm_Horizontal,i2C,tht
44.8125,-39.05,180.0,top,Q1,,,SOT-23,BSS138,smt
44.73125,-32.0,180.0,top,Q2,,,SOT-23,BSS138,smt
38.3125,-39.1375,0.0,top,R1,,,R_0805_2012Metric_Pad1.20x1.40mm_HandSolder,10k,smt
38.3125,-32.0875,0.0,top,R2,,,R_0805_2012Metric_Pad1.20x1.40mm_HandSolder,10k,smt
51.09375,-39.1375,-90.0,top,R3,,,R_0805_2012Metric_Pad1.20x1.40mm_HandSolder,10k,smt
51.09375,-32.0875,-90.0,top,R4,,,R_0805_2012Metric_Pad1.20x1.40mm_HandSolder,10k,smt
48.25,-49.75,90.0,top,R5,,,R_0805_2012Metric_Pad1.20x1.40mm_HandSolder,10k,smt
43.0,-49.75,-90.0,top,R6,,,R_0805_2012Metric_Pad1.20x1.40mm_HandSolder,10k,smt
71.64,-40.7,-90.0,top,U1,,,Waveshare-ESP32-C6-Zero,ESP32-C6-Zero,tht
