"Reference","Qty","Value","DNP","Exclude from Board","Footprint","Datasheet","Model","Manufacturer","PCBWay_Part_Num"
"F1","1","Fuse","","","Fuse:Fuse_0805_2012Metric_Pad1.15x1.40mm_HandSolder","https://www.vishay.com/docs/28747/mfuserie.pdf","MFU0805FF01000P500","Vishay","MFU0805FF01000P500"
"J1","1","CN105","","","Connector_JST:JST_XA_S05B-XASK-1_1x05_P2.50mm_Horizontal","https://www.jst.com/wp-content/uploads/2021/01/eXA-WB-new.pdf","S05B-XASK-1","JST","S05B-XASK-1(LF)(SN)"
"J2","1","i2C","","","Connector_JST:JST_PH_S4B-PH-K_1x04_P2.00mm_Horizontal","https://www.jst.com/wp-content/uploads/2025/06/ePH.pdf","S4B-PH-K-S","JST","S4B-PH-K-S(LF)(SN)"
"Q1,Q2","2","BSS138","","","Package_TO_SOT_SMD:SOT-23","https://www.onsemi.com/pub/Collateral/BSS138-D.PDF","BSS138","Onsemi","BSS138CT-ND"
"R1,R2,R3,R4,R5,R6","6","10k","","","Resistor_SMD:R_0805_2012Metric_Pad1.20x1.40mm_HandSolder","https://www.te.com/commerce/DocumentDelivery/DDEController?Action=srchrtrv&DocNm=1773204-3&DocType=Data%20Sheet&DocLang=English&DocFormat=pdf&PartCntxt=4-2176338-3","CRGCQ0805F10K","TE Connectivity","A129761CT-ND"
"U1","1","ESP32-C6-Zero","","","Waveshare-ESP32:Waveshare-ESP32-C6-Zero","https://www.waveshare.com/wiki/ESP32-C6-Zero","ESP32-C6-Zero","Waveshare","ESP32-C6-Zero-M"
